id,citizen_id,badge_number,rank
1,19858,XCM814421,sergeant
2,3589,ACI712902,senior_lieutenant
3,7425,MOK938006,senior_lieutenant
4,2355,OAX602118,senior_lieutenant
5,2362,EBO938207,sergeant
6,1992,MPB522608,junior_lieutenant
7,18154,TKP940613,senior_sergeant
8,3722,PKP455222,lieutenant
9,4501,IHK022051,sergeant
10,5379,KAC266172,lieutenant
11,2445,XEH990021,senior_lieutenant
12,6116,COI600430,junior_sergeant
13,10578,EMO806366,senior_sergeant
14,17339,AXX844253,senior_sergeant
15,1399,HET090171,senior_sergeant
16,2521,AXB679390,junior_lieutenant
17,8185,XXX218878,lieutenant_colonel
18,11452,AMO704764,senior_lieutenant
19,2498,PXC569416,captain
20,1148,BKB603286,lieutenant
21,590,OKP175996,junior_lieutenant
22,14093,AEO835115,junior_lieutenant
23,2186,IIB852320,senior_sergeant
24,10887,IBA548958,senior_sergeant
25,14860,KTE716273,sergeant
26,19243,PIA767706,senior_lieutenant
27,12740,TCM926901,captain
28,16589,OCA362595,captain
29,16093,IIC874455,senior_sergeant
30,5707,HAT871215,sergeant
31,2150,CIB726185,senior_sergeant
32,2032,AMK815583,senior_sergeant
33,6746,KHI195372,sergeant
34,10199,HMM136054,senior_sergeant
35,12506,AEI101943,senior_sergeant
36,11605,AHM267356,lieutenant
37,8607,OCH766226,senior_sergeant
38,5026,IAI878454,junior_lieutenant
39,17135,AAK916973,senior_lieutenant
40,137,KPX219048,sergeant
41,10210,ICC702640,captain
42,5326,PBC169027,sergeant
43,9105,ETX608064,captain
44,10296,EHE707802,senior_lieutenant
45,7161,XMI470088,colonel
46,12168,KTA368880,lieutenant
47,5120,HIX570314,senior_sergeant
48,4364,API271610,senior_lieutenant
49,1545,HPB943256,senior_sergeant
50,10562,AHO346208,sergeant
51,9391,MOP458431,junior_sergeant
52,16518,HAI291538,junior_lieutenant
53,13963,AXT850725,senior_lieutenant
54,14081,MAT473504,junior_sergeant
55,3846,IHK371229,major
56,2927,KEH397009,lieutenant_colonel
57,14205,OXI536456,major
58,17228,PPO357757,sergeant
59,8395,XKC604099,junior_sergeant
60,18975,AMH230733,sergeant
61,7364,AHO442856,captain
62,2720,BKB142947,colonel
63,9262,APK917563,lieutenant
64,18407,BHX116524,lieutenant_colonel
65,15885,BPK767928,senior_lieutenant
66,15115,BHX531598,sergeant
67,11473,ITT718587,sergeant
68,19763,XEX741955,junior_sergeant
69,1477,AMC650746,senior_lieutenant
70,11669,MEO404718,junior_sergeant
71,18365,EXI910276,junior_sergeant
72,4929,XKC118762,lieutenant
73,1263,EXC744461,junior_sergeant
74,10806,KIP405385,sergeant
75,16440,BPI875227,sergeant
76,16051,AMH040481,senior_lieutenant
77,5578,OHK166717,senior_sergeant
78,1330,BHI199086,lieutenant_colonel
79,5801,CHC196643,senior_sergeant
80,17391,HMX802326,lieutenant
81,18580,OIK335358,sergeant
82,14698,ABA858239,senior_sergeant
83,14491,TAB588910,junior_lieutenant
84,6640,AIB962721,junior_lieutenant
85,17930,CKX118966,junior_lieutenant
86,6491,CXX288594,senior_sergeant
87,4561,HEA364620,senior_sergeant
88,372,HIE758106,lieutenant
89,7896,TME473341,senior_lieutenant
90,15946,BBB666936,captain
91,2243,IMO680506,captain
92,14633,AHM319903,major
93,16535,MCC604160,captain
94,16014,TKP621175,lieutenant
95,296,BMX390152,sergeant
96,3851,CKE745570,sergeant
97,14812,PEO821096,sergeant
98,18144,OCO764096,junior_sergeant
99,13660,ICK929956,junior_sergeant
100,13051,XHH711791,senior_lieutenant
101,3364,PMO782941,captain
102,15307,XTT160689,major
103,13631,CHM029842,junior_lieutenant
104,12058,ETB136977,sergeant
105,7576,EBE751134,junior_sergeant
106,15417,ABA037255,senior_sergeant
107,3614,EMK815952,junior_lieutenant
108,15380,EIX414610,senior_sergeant
109,14884,BII918563,lieutenant
110,10084,EKE815026,junior_lieutenant
111,3291,ICE494972,sergeant
112,1672,TEA026352,major
113,18795,OCI039718,lieutenant_colonel
114,6057,IPX433438,lieutenant
115,13824,XKA898934,captain
116,7260,KIH798029,senior_sergeant
117,19802,HCE832651,sergeant
118,17063,HBX760737,lieutenant
119,19113,PAK680719,junior_sergeant
120,17721,HHC649894,colonel
121,19124,IBK534343,senior_lieutenant
122,5298,EOB091895,senior_lieutenant
123,4895,CAP800919,sergeant
124,3855,BEX486513,junior_lieutenant
125,15493,XXK325617,captain
126,16506,IHT562251,sergeant
127,6880,OIE070128,senior_sergeant
128,10783,IPO429518,lieutenant
129,1613,IIH562847,captain
130,19099,TTE256312,senior_sergeant
131,7192,BIC488678,junior_sergeant
132,16661,IBP024184,senior_sergeant
133,4494,EBX821687,sergeant
134,11603,HEA275849,sergeant
135,1462,BAI575874,lieutenant
136,9895,XET252244,sergeant
137,11348,KIO760754,sergeant
138,4913,BTA192574,senior_sergeant
139,13070,CAM788266,lieutenant_colonel
140,14048,MPT721127,sergeant
141,3347,AAA432880,junior_lieutenant
142,2119,MBC755245,lieutenant
143,16864,TKI184050,senior_sergeant
144,7636,MMB379343,senior_lieutenant
145,15704,MHK741838,junior_lieutenant
146,4574,PTX260775,lieutenant
147,17865,XME651917,captain
148,7759,ABC541031,junior_sergeant
149,8389,HBM833008,senior_sergeant
150,13469,TEK914766,senior_sergeant
151,18528,OHH527122,junior_sergeant
152,8948,HXK100813,sergeant
153,15407,ABT017222,senior_sergeant
154,1996,TCO501895,lieutenant
155,15477,EBE401127,senior_sergeant
156,11257,TOK859964,senior_lieutenant
157,15787,TTO546531,junior_lieutenant
158,2483,AMA168762,junior_lieutenant
159,9762,TAX782685,junior_sergeant
160,6040,BAT650793,senior_sergeant
161,19352,CHK276868,lieutenant
162,5804,MEO092302,captain
163,17511,XEE619768,lieutenant
164,6604,PHT192258,lieutenant
165,568,BIA286735,sergeant
166,13550,OCH646153,lieutenant
167,14075,IKI983930,junior_sergeant
168,15902,BXK825382,senior_lieutenant
169,9268,AMM941634,senior_sergeant
170,16986,EXX893502,senior_sergeant
171,18333,KTA422482,junior_lieutenant
172,10051,XPA817297,sergeant
173,18506,IKT894762,colonel
174,14064,TEM467542,junior_sergeant
175,456,OCC717755,senior_sergeant
176,2685,EMT730605,senior_sergeant
177,16910,CCT441706,junior_sergeant
178,6638,BAC494331,senior_sergeant
179,18491,XPH235593,senior_sergeant
180,4602,EHM541285,junior_lieutenant
181,198,BXI238068,captain
182,13023,OIP657199,sergeant
183,1584,CMO229487,major
184,8913,ATO327342,senior_sergeant
185,15231,XEB253310,lieutenant
186,7643,IEH274293,captain
187,7199,AOC690518,sergeant
188,14237,TAC399529,senior_sergeant
189,14835,PME851525,captain
190,8605,OCB730017,senior_lieutenant
191,17384,PTP760872,major
192,7366,EMT084209,senior_lieutenant
193,12807,XTO555565,senior_sergeant
194,19773,MTK789351,senior_sergeant
195,8712,MPB120186,sergeant
196,9386,BEH889468,senior_sergeant
197,6945,EBA582806,sergeant
198,8760,MBC666930,junior_sergeant
199,13628,KIE368545,sergeant
200,11302,CEA844138,senior_lieutenant
201,19412,ATI052448,senior_sergeant
202,15929,PEH802901,lieutenant
203,12419,KTX120968,sergeant
204,9882,AHE295666,junior_lieutenant
205,672,HXM420251,senior_lieutenant
206,19227,TAP153009,senior_sergeant
207,12282,OEX595012,sergeant
208,10659,KEM679904,senior_sergeant
209,6486,KBK117437,captain
210,499,CEE001391,senior_sergeant
211,15327,KXO600736,senior_lieutenant
212,18737,PKC224650,sergeant
213,17088,TTB076372,lieutenant
214,4142,EIM014674,junior_lieutenant
215,689,KAO861604,senior_sergeant
216,7372,OIH655088,sergeant
217,4684,AHH557080,senior_lieutenant
218,15007,XXE631066,senior_sergeant
219,10635,XEB148131,senior_lieutenant
220,17473,BET899491,captain
221,12153,HHM096784,junior_lieutenant
222,5548,XOK646251,lieutenant
223,15819,PCK696551,lieutenant_colonel
224,18897,BMX004698,major
225,16401,XAI590593,junior_lieutenant
226,4157,TIM551397,junior_lieutenant
227,10127,PBX791658,senior_sergeant
228,10539,BPT790893,sergeant
229,5052,IEX762006,senior_sergeant
230,1425,PCO449167,sergeant
231,17543,ACE798593,major
232,17386,BKA174805,senior_sergeant
233,8769,TOE177323,colonel
234,3459,EAI211310,junior_lieutenant
235,166,OCP329346,captain
236,12948,PHM578535,junior_lieutenant
237,7855,TCE364938,senior_sergeant
238,10564,CEE053968,sergeant
239,14137,MAI748680,sergeant
240,5221,COB396873,lieutenant_colonel
241,10235,PEC294072,senior_sergeant
242,15897,MOX352592,junior_lieutenant
243,728,OOH722795,sergeant
244,17241,EPA111594,senior_sergeant
245,4554,AAA076710,captain
246,10992,ABH187322,senior_lieutenant
247,6420,MIT816771,lieutenant_colonel
248,17959,BOE977172,major
249,3429,HMP455332,colonel
250,14478,MPO518017,senior_sergeant
251,8176,IMO770425,senior_sergeant
252,14000,EOA093188,sergeant
253,17624,ETO453049,lieutenant
254,6104,MMM868180,sergeant
255,426,TXT889597,senior_sergeant
256,16505,HHX695855,senior_lieutenant
257,12188,APK132356,junior_lieutenant
258,6412,HIC278372,sergeant
259,14247,CPO698052,lieutenant_colonel
260,17162,TIX430531,senior_sergeant
261,9109,IXC210469,major
262,6800,XXP175867,senior_lieutenant
263,9423,MCI821652,senior_lieutenant
264,14586,HHE440593,senior_sergeant
265,13165,BKT763746,junior_sergeant
266,15003,MMO257031,sergeant
267,18870,TOK044891,senior_sergeant
268,9537,BHO685642,senior_sergeant
269,2582,APP900461,senior_lieutenant
270,15661,XOH255121,captain
271,19150,HTI815107,sergeant
272,2166,XXO716351,senior_sergeant
273,1142,MTP434608,sergeant
274,18429,AXC528012,senior_sergeant
275,17363,AEK979413,junior_sergeant
276,1251,MMT030855,junior_sergeant
277,5150,BAX025480,senior_lieutenant
278,16339,HHC294318,sergeant
279,14323,XEP157612,junior_lieutenant
280,12157,OPE088959,senior_sergeant
281,6695,BMP451824,lieutenant_colonel
282,19671,TAM854026,major
283,7302,HOK536892,senior_sergeant
284,14892,BPE556409,lieutenant
285,4123,XXO402456,sergeant
286,5550,PPC303632,sergeant
287,10450,XPC389755,junior_sergeant
288,13513,KAH092104,captain
289,15725,OAC020952,major
290,6787,CHA112145,senior_sergeant
291,18544,AAC923828,senior_lieutenant
292,3576,BHC675968,senior_sergeant
293,16197,COI311287,senior_sergeant
294,14288,TXK659754,junior_lieutenant
295,12364,ETX677195,senior_lieutenant
296,13633,HAX436437,senior_lieutenant
297,12337,PCI492200,colonel
298,13192,IXC712671,captain
299,4220,BOT617276,senior_sergeant
300,1681,EOO928493,captain
301,17819,EIH020197,captain
302,8730,OOH188259,junior_lieutenant
303,19298,MOC861670,senior_lieutenant
304,905,PXH735968,junior_lieutenant
305,18808,PTA929812,captain
306,5170,MHX492344,senior_sergeant
307,3517,TPT967911,junior_sergeant
308,6043,BIM017405,junior_sergeant
309,3266,EHH636517,major
310,2807,AIH351091,lieutenant
311,11789,OMB607826,senior_sergeant
312,7659,MXT599043,sergeant
313,8503,MHI851875,senior_lieutenant
314,12760,CCM208464,senior_lieutenant
315,15259,XXE059160,sergeant
316,1870,XAK572141,junior_sergeant
317,1490,KIP808143,captain
318,6391,MPM244423,lieutenant
319,15824,OKC414501,sergeant
320,5039,OAK124560,senior_lieutenant
321,15516,CBC326585,colonel
322,9585,KXX531112,sergeant
323,3595,OEO317933,colonel
324,19855,CTT501807,senior_sergeant
325,16647,HKI699010,sergeant
326,19417,CTT686640,sergeant
327,8229,MTP974899,sergeant
328,5263,KMK918019,senior_sergeant
329,18191,PCB965947,lieutenant
330,16760,ITC516743,major
331,14744,XEC331760,sergeant
332,9654,CHI635921,junior_sergeant
333,1762,COE787570,senior_sergeant
334,13426,HIX650815,lieutenant
335,11491,KKM930862,senior_sergeant
336,3749,CMI925512,captain
337,9345,HTP049728,senior_sergeant
338,14937,BAI742281,sergeant
339,165,XBI622978,sergeant
340,17625,AOX106105,sergeant
341,13338,HXH444492,lieutenant
342,4828,TCA051384,junior_lieutenant
343,13239,XOO625643,sergeant
344,7312,OPT392911,senior_lieutenant
345,14189,MPK471882,major
346,9418,TAT938157,junior_sergeant
347,7690,AIT506159,senior_lieutenant
348,647,HXM871608,senior_sergeant
349,16755,IXE637002,junior_sergeant
350,19006,BPO973691,sergeant
351,14599,XEO068528,senior_sergeant
352,13583,CCK818431,sergeant
353,6588,AXH960864,sergeant
354,17754,ACT560271,senior_lieutenant
355,1317,ITO997425,lieutenant
356,15692,OBO235667,lieutenant
357,3721,ABO935864,lieutenant_colonel
358,5262,AEE517690,junior_lieutenant
359,10442,KTI059011,senior_lieutenant
360,16978,OEO346860,senior_lieutenant
361,3366,EEE121797,major
362,14782,XKK631590,sergeant
363,7046,HXI535589,sergeant
364,16185,XOK734362,junior_lieutenant
365,12107,KAM678868,junior_sergeant
366,14630,EHE594170,junior_sergeant
367,5809,IPC342725,senior_sergeant
368,6982,OKB855683,sergeant
369,15794,TPO462161,sergeant
370,16139,EIC043395,senior_sergeant
371,9212,HTO087905,senior_sergeant
372,14501,OKK467389,junior_sergeant
373,8039,HMB909165,lieutenant
374,3117,OKC630090,senior_sergeant
375,8799,XTB653769,sergeant
376,14864,CPI055831,captain
377,9100,IAH852141,senior_sergeant
378,149,PIH262626,sergeant
379,6162,OPC612738,senior_sergeant
380,1144,OAX204596,captain
381,3874,HKM212990,sergeant
382,18936,IXE153015,sergeant
383,710,CET345568,senior_sergeant
384,11561,AAX048313,junior_lieutenant
385,6403,AHC358103,junior_sergeant
386,17236,IMP694379,major
387,9491,HKE019102,senior_sergeant
388,16955,ECX469231,lieutenant
389,17875,OCI623812,junior_sergeant
390,19720,IMH984046,lieutenant
391,4285,OOH625973,captain
392,13484,BPB899343,sergeant
393,19512,PHC617987,senior_sergeant
394,5906,KKP036760,colonel
395,3837,IXK002556,sergeant
396,6542,HCI949504,senior_sergeant
397,12339,BXC287857,sergeant
398,11834,HTB741588,sergeant
399,417,BOI403827,sergeant
400,2514,IMO174929,sergeant
401,9331,BKT057498,junior_sergeant
402,17778,OCA246629,sergeant
403,6032,PBM366751,senior_sergeant
404,16145,HMM004603,senior_sergeant
405,7509,ETC986375,sergeant
406,3306,HBB381550,senior_lieutenant
407,10403,ETA498491,captain
408,7696,EXI174070,junior_lieutenant
409,15096,HEK254044,senior_lieutenant
410,8198,KIA080535,senior_lieutenant
411,8055,ICT962557,captain
412,5361,OEP767619,junior_lieutenant
413,2456,EEM819465,lieutenant
414,9870,OBH204172,lieutenant
415,17287,HTK227392,senior_sergeant
416,17157,PKP424990,senior_sergeant
417,19528,PBK928418,senior_lieutenant
418,18459,EIM671997,senior_sergeant
419,3605,XOE819647,lieutenant_colonel
420,3239,BHH357026,lieutenant
421,10327,AXB853971,senior_sergeant
422,8892,XPM021333,sergeant
423,7147,AHI612459,senior_lieutenant
424,8331,OMH461177,junior_sergeant
425,16431,EBE962880,senior_lieutenant
426,9616,KAP039854,sergeant
427,19857,KBH691885,senior_lieutenant
428,4662,OEX810198,sergeant
429,14562,OIP988344,senior_lieutenant
430,62,XMM235389,junior_lieutenant
431,10258,OPB053865,junior_lieutenant
432,9725,MXO713458,junior_lieutenant
433,1944,KTC657357,lieutenant
434,15708,IXI189179,colonel
435,942,TPP870416,senior_sergeant
436,5259,HXT468672,sergeant
437,6084,CBX013016,junior_sergeant
438,10730,IEH569600,senior_sergeant
439,6440,XMC652389,sergeant
440,15947,OMO387917,senior_sergeant
441,5177,ACT707615,senior_lieutenant
442,3171,PME347079,major
443,3677,BMT805716,junior_sergeant
444,14458,BBI159043,sergeant
445,4681,IEM112810,sergeant
446,19207,HHB663976,sergeant
447,5472,EHM050536,sergeant
448,14576,IIP850257,junior_sergeant
449,18535,KXK687161,junior_sergeant
450,6094,KBE898397,lieutenant
451,4683,PEB530754,lieutenant
452,6393,PHM312839,senior_sergeant
453,17942,KIO124303,sergeant
454,5436,HBA716933,colonel
455,12870,XXX678417,senior_lieutenant
456,13272,PBE958683,sergeant
457,19759,OMO370097,senior_sergeant
458,4472,COM175215,sergeant
459,6183,PCM753031,junior_lieutenant
460,19504,ACT175404,senior_sergeant
461,19974,CKM153859,lieutenant
462,7392,CEK605619,lieutenant
463,5271,IBK200562,senior_sergeant
464,19096,IIX870016,senior_lieutenant
465,14266,XKH640033,lieutenant
466,7371,ATM185811,sergeant
467,13171,BBM351853,captain
468,16733,XCA018833,junior_lieutenant
469,7065,IAM961435,major
470,19653,MMH050301,sergeant
471,2755,OAX016153,senior_sergeant
472,2818,MCC774020,sergeant
473,363,IPM801154,lieutenant
474,15598,AXO125103,senior_lieutenant
475,14823,OXA321402,senior_sergeant
476,11114,PKP623926,major
477,7808,OTC118617,captain
478,6028,PAX202868,junior_lieutenant
479,17978,OBO152662,junior_lieutenant
480,18900,HHA474137,lieutenant_colonel
481,5044,OKE963211,sergeant
482,16633,EHX994989,major
483,11899,EOO984905,senior_sergeant
484,12057,OET517943,sergeant
485,19255,CIA201697,junior_lieutenant
486,12682,IXT924536,sergeant
487,9284,EHI962988,captain
488,17710,TXX395476,senior_sergeant
489,2482,AKC578854,senior_sergeant
490,18092,MMB519609,major
491,395,CIC732037,major
492,7806,CBK997537,lieutenant
493,5121,TAK210110,senior_sergeant
494,12270,EIC279417,junior_sergeant
495,14116,TET139475,sergeant
496,522,KCM045813,captain
497,17025,OHE846493,captain
498,16799,MIE876121,senior_lieutenant
499,2622,OIO919870,lieutenant_colonel
500,8397,EOE801863,senior_lieutenant
501,19969,IPO840538,junior_lieutenant
502,4386,TEE044074,sergeant
503,16209,HKX649237,junior_lieutenant
504,15256,PEB767312,sergeant
505,7542,COT233906,senior_lieutenant
506,10996,HEK721996,junior_sergeant
507,15498,XTP443960,junior_sergeant
508,3704,HTC852614,captain
509,11084,IOK220111,sergeant
510,14006,BTE133898,colonel
511,15712,KPA453390,colonel
512,11323,CBC181057,captain
513,2269,OCO150216,sergeant
514,19641,EHT555618,junior_lieutenant
515,12187,PTC124032,senior_lieutenant
516,10976,ETP222936,lieutenant
517,170,CTT760190,senior_sergeant
518,15427,PMB280865,junior_sergeant
519,14891,EPM046257,junior_lieutenant
520,5311,PHK227015,junior_sergeant
521,3611,MKB133538,senior_sergeant
522,4787,TTM534010,sergeant
523,14223,CHC911973,senior_sergeant
524,1470,AAM962567,captain
525,1180,ETH732588,junior_lieutenant
526,16283,BMP708468,junior_sergeant
527,2308,MMC604361,senior_sergeant
528,11745,TXP859134,lieutenant
529,12194,MXP674184,lieutenant
530,16377,EIA900731,senior_lieutenant
531,8247,HBM344627,senior_sergeant
532,8494,KMO540926,senior_lieutenant
533,33,EEO198844,sergeant
534,16131,OAP280500,sergeant
535,18927,TOO585966,senior_lieutenant
536,13185,OII214002,junior_lieutenant
537,7185,CMP229371,major
538,12053,XBK683257,junior_sergeant
539,1965,XIB931448,captain
540,14969,APA227315,senior_sergeant
541,1185,BXI063381,junior_sergeant
542,16651,KBO639913,captain
543,12423,CPK279516,junior_sergeant
544,16262,MOI665429,junior_sergeant
545,622,BBT451901,senior_sergeant
546,4402,TIB001054,lieutenant
547,8162,PCC795055,sergeant
548,6716,XHI184395,senior_lieutenant
549,11408,KOA217528,lieutenant
550,2279,EEC080724,junior_lieutenant
551,6676,ICO497758,junior_lieutenant
552,6677,EEC714444,captain
553,1975,CHC763380,captain
554,16359,MBI968564,senior_lieutenant
555,10546,BTP925475,major
556,10680,BKH607796,senior_sergeant
557,13906,TKC408724,captain
558,19695,HAA719755,sergeant
559,9026,ATI427003,lieutenant
560,2810,CCE217697,captain
561,8956,PBB443618,lieutenant_colonel
562,13037,TKE164823,major
563,11066,KAP477695,sergeant
564,17147,CEB630602,captain
565,11009,OOH062433,junior_lieutenant
566,10755,CMX262195,senior_sergeant
567,5760,BHI288538,senior_lieutenant
568,920,AAA290072,senior_lieutenant
569,19891,BMM217164,senior_sergeant
570,3782,HMM791352,senior_lieutenant
571,18406,PPP748434,junior_lieutenant
572,8153,IMH767514,senior_sergeant
573,19129,MCB387928,lieutenant
574,11836,OAI749832,senior_sergeant
575,17837,AAO468347,sergeant
576,12556,TCC636728,junior_sergeant
577,18401,AEA821135,senior_sergeant
578,13576,BOP422574,sergeant
579,8411,XHK254529,sergeant
580,12971,BXK822737,sergeant
581,6178,BBE311418,lieutenant_colonel
582,19496,TCP599594,captain
583,11616,XAB146454,senior_sergeant
584,3511,HOT215901,lieutenant
585,16219,HOA736190,major
586,17940,TXK396877,lieutenant
587,18511,EPP191735,captain
588,7817,IMC622049,captain
589,9889,TAP781279,senior_sergeant
590,16156,KEO251442,junior_lieutenant
591,5373,HBC658961,junior_lieutenant
592,15354,XTE028387,sergeant
593,9305,BHC988101,junior_sergeant
594,8876,COM447219,junior_lieutenant
595,9267,AEK411081,captain
596,18669,TIO984790,senior_sergeant
597,16826,ECO077999,sergeant
598,1415,PPI419282,lieutenant
599,349,CKI861082,senior_sergeant
600,6797,HKO326646,senior_sergeant
601,12707,THI147312,sergeant
602,18072,OTA783033,captain
603,19240,MBO210279,junior_sergeant
604,1529,PHI725887,junior_lieutenant
605,10193,AHO055078,senior_lieutenant
606,11495,HKI327695,senior_lieutenant
607,8040,MPO045197,senior_lieutenant
608,11359,IHM423680,senior_sergeant
609,14879,XCB613567,senior_lieutenant
610,4862,XMI278625,junior_sergeant
611,287,HCH653709,senior_lieutenant
612,12545,XXX569307,senior_sergeant
613,16292,EEB359202,sergeant
614,2183,XCT942071,lieutenant
615,13094,TXM981390,lieutenant_colonel
616,10418,TMM134354,sergeant
617,14608,EIB263627,captain
618,14336,BOC015037,junior_sergeant
619,15275,TBA669495,junior_lieutenant
620,8601,MMA912188,sergeant
621,16740,HAO685147,sergeant
622,5018,CTI392462,senior_sergeant
623,19840,PMX962954,junior_lieutenant
624,13314,MEO952120,senior_lieutenant
625,3254,AEM919957,junior_lieutenant
626,10052,EHI846755,senior_sergeant
627,9624,TME856161,captain
628,90,EHT641134,senior_sergeant
629,10981,TPA844447,captain
630,5167,XCA612850,sergeant
631,13699,CBO697449,sergeant
632,10464,TAP362590,senior_lieutenant
633,15229,HHI975242,colonel
634,4531,ETK409371,lieutenant_colonel
635,7749,POB913349,senior_sergeant
636,9434,MPX900202,major
637,6128,EPT244509,junior_sergeant
638,1176,OXK422830,major
639,10012,BCH589381,lieutenant
640,6939,ECC175187,senior_sergeant
641,2284,CEH681729,sergeant
642,2716,THO371403,senior_sergeant
643,13254,CHK193916,junior_sergeant
644,6222,BTC503798,junior_sergeant
645,5448,MMA380192,senior_sergeant
646,11308,HCM514844,captain
647,8879,EIT980121,lieutenant
648,7744,EKB275646,senior_lieutenant
649,7469,KPE337254,lieutenant
650,8344,OOP962669,senior_lieutenant
651,11483,PCM140640,lieutenant
652,12647,AIO666323,junior_sergeant
653,10062,AOE262809,major
654,1451,KMB608274,sergeant
655,8902,CCX099683,senior_sergeant
656,1601,KTM430705,captain
657,12274,TTX332757,sergeant
658,13135,MBC386273,captain
659,2932,EEA273299,captain
660,16602,IEX452472,sergeant
661,3365,ICI700729,lieutenant_colonel
662,13259,AOC725648,junior_lieutenant
663,16362,PCO967718,senior_lieutenant
664,7257,ECH202497,major
665,13714,THA160310,junior_lieutenant
666,3708,API644227,senior_lieutenant
667,10681,AKI382851,lieutenant_colonel
668,6175,PHO763706,junior_lieutenant
669,16400,BXA579029,sergeant
670,3802,AEE020873,senior_sergeant
671,12916,MXO839474,lieutenant
672,19189,EPO151386,sergeant
673,11737,OCE495075,senior_sergeant
674,14520,XHO987479,sergeant
675,19164,OCH327790,lieutenant
676,6247,BPO214764,sergeant
677,16059,CHO216833,lieutenant
678,12468,TKT273183,colonel
679,4870,HHK568611,senior_sergeant
680,3713,BXM973604,major
681,5434,CMX853391,senior_sergeant
682,15408,MKP218202,senior_sergeant
683,18250,OKC400545,senior_lieutenant
684,14982,MII011830,lieutenant
685,8633,EEK704057,sergeant
686,7187,MTX562664,senior_sergeant
687,10834,BMA699728,junior_lieutenant
688,915,CBP162940,sergeant
689,19920,OIE968149,major
690,1361,XKX267235,lieutenant
691,13995,KEI177662,lieutenant
692,24,OOP797973,lieutenant
693,19396,IPB607359,senior_lieutenant
694,16107,TXE792891,senior_sergeant
695,13884,MMX729298,junior_sergeant
696,2588,MOH211475,senior_sergeant
697,9,PAA761114,major
698,15618,OEB524565,lieutenant
699,17973,OHT033484,senior_sergeant
700,7276,HKX126557,lieutenant
701,7882,PXB360032,junior_lieutenant
702,7553,PAC016754,junior_sergeant
703,5130,ATO381212,senior_sergeant
704,12676,HPB090310,major
705,17193,OXH934697,senior_lieutenant
706,17404,BAE130212,junior_sergeant
707,16663,ACM477014,sergeant
708,8748,CIA428271,senior_sergeant
709,800,AMB851476,lieutenant
710,16699,BAP341910,junior_lieutenant
711,11700,OPM781848,senior_sergeant
712,4130,XCK853441,senior_sergeant
713,13868,THT751470,sergeant
714,9627,COC514481,sergeant
715,13915,CIX097673,senior_sergeant
716,10204,XIK043660,lieutenant
717,6425,XPP408801,sergeant
718,17365,HHE096878,junior_lieutenant
719,6379,HHM898485,lieutenant_colonel
720,14839,HTO062228,senior_sergeant
721,13676,TBX819591,major
722,14180,ACE935309,junior_sergeant
723,14127,OKT148735,lieutenant
724,2795,IAX915982,captain
725,9287,ICM911766,senior_sergeant
726,16968,EAB034308,junior_sergeant
727,15995,XCH509582,senior_lieutenant
728,17946,EMT483067,junior_sergeant
729,1141,PEA767883,sergeant
730,5542,HTE301771,senior_sergeant
731,5402,MEB652846,senior_sergeant
732,17816,BHH941516,senior_sergeant
733,2335,TIE305108,lieutenant
734,2140,AAX771778,lieutenant
735,12697,PIE828629,sergeant
736,11490,AHM637966,major
737,7872,BII855156,colonel
738,4492,CCB905807,captain
739,14921,KKM037350,major
740,6036,TII626268,colonel
741,18210,IIT909216,senior_sergeant
742,13715,MHI154143,major
743,1130,CXM751476,junior_lieutenant
744,3733,KCH921256,captain
745,17284,XXT946263,senior_lieutenant
746,11162,IMM874849,senior_sergeant
747,933,IBP555221,sergeant
748,3568,MAC162206,senior_sergeant
749,12184,MIX204747,major
750,14466,PXI788502,sergeant
751,5206,XAK694751,senior_lieutenant
752,9967,TIT985831,senior_lieutenant
753,8728,PXH638335,captain
754,13734,EEH672568,sergeant
755,6064,EXC372712,sergeant
756,8534,EEP751789,sergeant
757,1664,BIC692564,senior_lieutenant
758,13920,IMT810137,sergeant
759,12507,KHX746804,lieutenant_colonel
760,7248,BIT110985,sergeant
761,9525,TKO893943,lieutenant
762,8704,XPP072411,lieutenant
763,3419,BMB263942,captain
764,12140,TXE987668,sergeant
765,1904,BIC156699,lieutenant
766,8683,ITI799699,captain
767,17442,TPT456681,junior_sergeant
768,14959,MXB933412,senior_lieutenant
769,11995,COB917045,lieutenant
770,6759,EMA264290,senior_lieutenant
771,2710,AAP544395,senior_sergeant
772,9574,HIE626978,junior_sergeant
773,2422,PMP307681,junior_sergeant
774,5765,PKM523360,sergeant
775,6035,PEI811017,lieutenant
776,12857,BPC768671,colonel
777,9465,XIA692196,lieutenant
778,11738,MPI207968,senior_sergeant
779,6998,HPH213912,junior_sergeant
780,5858,MAT717257,sergeant
781,12845,BXC230749,senior_sergeant
782,17923,HEA499847,sergeant
783,1360,HHH130374,lieutenant
784,17187,KOH617312,senior_sergeant
785,12407,CEX629043,lieutenant
786,11702,KBT316134,senior_sergeant
787,15181,BXK215060,lieutenant_colonel
788,9638,TBC556455,senior_sergeant
789,18689,OXE826576,senior_sergeant
790,6720,KEX548008,senior_sergeant
791,13581,ECK352270,junior_lieutenant
792,15291,HAC739798,junior_lieutenant
793,3598,OPI419958,lieutenant_colonel
794,17764,XHE674151,junior_lieutenant
795,795,MAX659956,captain
796,7363,OHI179367,junior_sergeant
797,17703,EKC756051,sergeant
798,1993,EHA570904,lieutenant
799,9691,XBO874068,captain
800,509,KIH739977,senior_lieutenant
801,19367,OKB287587,captain
802,2331,HBB017828,senior_sergeant
803,5161,MMT244537,major
804,11893,TAA262672,captain
805,13539,IME976987,lieutenant
806,2596,IAM771566,sergeant
807,7426,OCE762463,junior_sergeant
808,19137,TTE531747,junior_sergeant
809,4941,KBE581543,junior_lieutenant
810,7034,POX747619,lieutenant
811,18341,MEA287100,lieutenant_colonel
812,740,PHE779753,sergeant
813,18908,PMX259102,senior_sergeant
814,11988,HEK786511,junior_sergeant
815,1968,IPT259619,lieutenant_colonel
816,14256,BMP343059,senior_sergeant
817,1327,OEA847360,senior_sergeant
818,7966,PBP496267,sergeant
819,5191,OOE910179,senior_sergeant
820,11691,BHO099187,major
821,19619,ITH151446,junior_sergeant
822,19297,KHI828326,senior_sergeant
823,5239,KCA066345,major
824,6390,XXX948153,junior_lieutenant
825,1799,BPP166831,lieutenant
826,1072,AHI613169,lieutenant
827,5264,OAM324165,senior_lieutenant
828,7836,XAP329132,junior_lieutenant
829,1703,EHM860493,sergeant
830,12165,HHH051816,senior_lieutenant
831,16650,BXH697904,junior_sergeant
832,7649,PKE556693,junior_sergeant
833,15211,EOT783390,sergeant
834,11229,HEB763778,sergeant
835,13504,XHO976854,sergeant
836,12310,PIO026461,colonel
837,13901,TTP282299,junior_lieutenant
838,235,OXB244910,senior_sergeant
839,13806,HHH907909,junior_lieutenant
840,19792,HKC017630,senior_sergeant
841,13489,PPK414171,major
842,12007,BKI706463,sergeant
843,3071,BEI705501,sergeant
844,17969,CCH577069,junior_sergeant
845,5440,IPI555213,lieutenant
846,4707,AMM815590,junior_sergeant
847,8939,XXT424469,senior_sergeant
848,18377,XIE077327,sergeant
849,7758,MTX005536,captain
850,10490,XAP397578,sergeant
851,5003,MHB913552,senior_sergeant
852,5745,XBC590364,senior_lieutenant
853,5353,XXO519720,junior_sergeant
854,7013,PMI055171,captain
855,9228,PTP809760,senior_lieutenant
856,16335,PTT352323,senior_sergeant
857,6610,CMT010565,lieutenant
858,12925,KCT070356,sergeant
859,7232,XCI255130,captain
860,3529,KCM459573,lieutenant_colonel
861,9747,OAB155558,sergeant
862,8910,OCT329800,senior_sergeant
863,19264,PTH471159,junior_lieutenant
864,316,TTM417508,major
865,17409,PHT388895,senior_sergeant
866,6784,EOX505898,sergeant
867,15882,PPH938456,senior_sergeant
868,7737,HXC334125,sergeant
869,19742,AHI724875,lieutenant
870,16221,XPH410581,sergeant
871,4619,AIO620881,colonel
872,15060,HAT063835,senior_sergeant
873,8466,PHX274424,sergeant
874,15942,PAT882505,senior_sergeant
875,6020,HEB895427,lieutenant
876,7595,MCT076916,senior_lieutenant
877,6562,PEX026222,junior_sergeant
878,13107,XIC014102,captain
879,15916,AEK531317,captain
880,16092,BHM703851,sergeant
881,7327,HXC681602,senior_sergeant
882,1845,OPX469383,major
883,15457,HXI659392,senior_sergeant
884,16764,MTM576257,junior_lieutenant
885,19510,OHA257033,lieutenant
886,1863,XTH919491,junior_lieutenant
887,2988,HTK690080,senior_lieutenant
888,14212,OHC177962,junior_lieutenant
889,2947,KHI547988,senior_lieutenant
890,10286,KAT052408,lieutenant
891,4615,ACA697992,sergeant
892,9368,AII390192,junior_lieutenant
893,10935,KBP075859,senior_lieutenant
894,1197,XTP150166,senior_sergeant
895,9387,EHC405864,junior_lieutenant
896,12031,PHX489324,sergeant
897,2169,PEE034598,sergeant
898,11116,PIH209043,sergeant
899,9813,TBB232998,lieutenant
900,14793,ETM740108,sergeant
901,15295,POB497734,major
902,9191,AOP693799,senior_sergeant
903,16207,MAP054937,junior_lieutenant
904,6979,HKH646214,lieutenant_colonel
905,8480,APX650267,lieutenant
906,17955,BOE745697,major
907,10139,ECA017533,junior_lieutenant
908,10142,PIP068537,junior_sergeant
909,15387,CBI483543,senior_sergeant
910,18546,MCM997972,junior_lieutenant
911,19029,XAH463614,junior_lieutenant
912,10506,OCA865919,lieutenant
913,6378,MTP052993,senior_sergeant
914,26,AAA588735,captain
915,5610,OAI137499,junior_lieutenant
916,15743,ICT788759,junior_sergeant
917,1777,BHE422919,senior_sergeant
918,5102,PBX599729,senior_sergeant
919,9008,BME806426,lieutenant
920,19778,PIO238831,junior_sergeant
921,3508,CEC841121,lieutenant_colonel
922,5614,BIC852558,junior_sergeant
923,8642,PKK869543,senior_sergeant
924,4597,HEE924663,senior_lieutenant
925,7158,BIH981771,major
926,17331,ACA462645,senior_sergeant
927,16243,BTK434881,junior_lieutenant
928,1315,MAH163310,major
929,15325,CKI136807,junior_lieutenant
930,1571,BBB100653,lieutenant
931,1654,XKM038548,senior_lieutenant
932,531,TAP235635,lieutenant
933,9508,MTP329597,senior_sergeant
934,19125,XHC667194,lieutenant
935,3900,OMC484360,lieutenant
936,10330,MKB556968,junior_sergeant
937,1905,OXA535789,junior_sergeant
938,11708,CKM415610,senior_sergeant
939,8546,KAT302921,captain
940,17902,MPB513831,captain
941,15448,KAK463553,senior_lieutenant
942,16988,APK569053,captain
943,12834,ACP024674,senior_lieutenant
944,15413,IXP675465,senior_lieutenant
945,6766,BPP493854,lieutenant
946,7254,EBB011187,lieutenant_colonel
947,5466,BEE043994,senior_lieutenant
948,7204,CCH617196,sergeant
949,16894,EEO397806,senior_sergeant
950,16489,EET786584,senior_sergeant
951,14679,KIO095539,sergeant
952,5505,TCP873904,junior_sergeant
953,11886,CAX046998,sergeant
954,14326,KOI274460,junior_sergeant
955,6298,CTX515778,senior_sergeant
956,16683,AAH319181,sergeant
957,1801,CTX095995,junior_lieutenant
958,4820,PPX733271,senior_sergeant
959,12661,ITM091468,senior_sergeant
960,19888,IIP265674,major
961,9362,XOP320809,junior_lieutenant
962,17502,THI608357,lieutenant
963,15504,CAO690538,major
964,1677,IAC308613,senior_sergeant
965,4594,TEB584317,captain
966,7819,PTE123066,sergeant
967,18882,AOH334501,sergeant
968,18948,IMI373998,junior_sergeant
969,16217,CMT882330,senior_sergeant
970,11058,XBI980572,junior_sergeant
971,13548,MPE247009,lieutenant_colonel
972,6333,EIK879300,lieutenant
973,7514,CBP087431,lieutenant_colonel
974,15177,KAM317921,sergeant
975,6408,HKP151904,junior_lieutenant
976,8091,CAK238549,senior_sergeant
977,7821,ATH120055,junior_sergeant
978,18911,BPA607750,senior_lieutenant
979,12695,CBC561910,senior_sergeant
980,8513,HPP420876,senior_lieutenant
981,19993,CHX623589,major
982,975,HOB505538,senior_lieutenant
983,8587,TMK714917,senior_lieutenant
984,7470,PBH525367,sergeant
985,9323,HMH135663,junior_sergeant
986,10513,TIB141692,senior_sergeant
987,822,HAP968279,captain
988,6814,KKI652131,sergeant
989,3781,HMC077130,senior_lieutenant
990,5186,POO796347,major
991,15588,AKC405504,lieutenant_colonel
992,16743,BKP958367,senior_sergeant
993,11971,CMP011388,lieutenant
994,7832,EXC707206,senior_lieutenant
995,7827,TKI537385,lieutenant
996,3898,MXB727298,junior_lieutenant
997,12379,CAO231280,senior_sergeant
998,5090,KPK730109,sergeant
999,6329,BEH991020,sergeant
1000,3011,POH515081,senior_sergeant
1001,15015,XEM660043,junior_lieutenant
1002,11783,EMK883878,senior_sergeant
1003,4173,KBP434811,junior_lieutenant
1004,9811,OPB778430,senior_sergeant
1005,10508,OMM432340,major
1006,6977,TAK292908,lieutenant_colonel
1007,3977,IEM654223,sergeant
1008,15312,THE717141,junior_sergeant
1009,14546,KIA970004,major
1010,3159,KEX246751,captain
1011,19218,BCA290725,junior_lieutenant
1012,7724,XIT381310,captain
1013,12840,MPE442593,lieutenant
1014,9875,TOB965234,junior_lieutenant
1015,11666,MAH115646,senior_lieutenant
1016,12416,KHT889476,senior_lieutenant
1017,408,XXK172691,senior_sergeant
1018,7041,XMK415338,senior_sergeant
1019,5443,MXH992928,senior_sergeant
1020,17705,HCA034129,junior_sergeant
1021,3574,XKT281872,senior_sergeant
1022,17253,EBM976242,junior_lieutenant
1023,19707,OTO568164,lieutenant
1024,8070,KMX231343,sergeant
1025,12193,MXO737758,captain
1026,6692,BCX079522,junior_sergeant
1027,18812,BTB773864,senior_sergeant
1028,8325,OTT848339,senior_lieutenant
1029,13195,BXM415201,lieutenant
1030,15409,EEB964575,major
1031,6535,TET886984,sergeant
1032,18058,PXT790804,captain
1033,2754,OBC670533,colonel
1034,10642,EBK376942,junior_lieutenant
1035,12946,KPX880286,senior_sergeant
1036,2814,PPH363835,senior_lieutenant
1037,2421,IKB165193,junior_sergeant
1038,5210,TAM081187,senior_lieutenant
1039,1063,BIT363501,senior_lieutenant
1040,12945,BOO528649,sergeant
1041,693,CXM447126,captain
1042,13178,OTI309608,sergeant
1043,2305,PCM922568,sergeant
1044,7732,TTC408017,senior_sergeant
1045,2956,BEB570974,senior_sergeant
1046,2450,IHO021177,senior_sergeant
1047,7843,PIP649442,captain
1048,2403,TXB226009,sergeant
1049,15478,KPC411423,colonel
1050,18305,AET639766,senior_sergeant
1051,3137,IMO711247,junior_sergeant
1052,3382,PMO209073,senior_sergeant
1053,11015,POI566585,senior_lieutenant
1054,462,HAK972921,senior_lieutenant
1055,15217,PCX525524,senior_lieutenant
1056,8294,ABT972432,junior_sergeant
1057,19818,AKA882777,junior_sergeant
1058,18781,IBE867810,major
1059,15126,KCP420459,senior_lieutenant
1060,17237,CHT478506,lieutenant
1061,19051,BIH131939,lieutenant
1062,2249,BTC272722,sergeant
1063,9552,XII319291,junior_lieutenant
1064,4352,XCA078753,sergeant
1065,14865,CAK194855,sergeant
1066,9791,OEB723352,sergeant
1067,19142,IIT716105,sergeant
1068,12802,EMK832450,senior_sergeant
1069,10535,AME226582,junior_lieutenant
1070,14504,COA660500,senior_sergeant
1071,208,THT606028,sergeant
1072,5820,IPK705378,senior_sergeant
1073,19257,BBK052178,captain
1074,3381,IAA831063,major
1075,6301,XOA865786,sergeant
1076,10751,EKE968717,sergeant
1077,9843,MKH127803,senior_sergeant
1078,17421,OCH867893,senior_sergeant
1079,15651,XHB620182,senior_sergeant
1080,10986,PBB500524,lieutenant
1081,11006,PBC130111,senior_sergeant
1082,537,BAB996892,captain
1083,16694,KBK091874,sergeant
1084,5993,PIP900448,sergeant
1085,14632,OIT335464,junior_lieutenant
1086,2673,AMO766374,sergeant
1087,773,COO830507,captain
1088,7477,EIH319703,lieutenant
1089,10618,HTP417952,senior_sergeant
1090,18887,BMK072439,sergeant
1091,272,PKH414717,senior_lieutenant
1092,14699,PPX120825,junior_lieutenant
1093,17689,KOB621051,senior_sergeant
1094,3424,EAX375049,sergeant
1095,18405,IAB102718,sergeant
1096,17242,HBC135647,senior_sergeant
1097,18770,BHK980922,senior_sergeant
1098,10005,IBT236472,junior_lieutenant
1099,5473,XBC283032,junior_lieutenant
1100,2061,TIH275030,senior_sergeant
1101,3279,COO950800,lieutenant
1102,2418,BTO688386,senior_sergeant
1103,4669,OCM508412,junior_lieutenant
1104,5555,XET042850,lieutenant
1105,16271,MTA594086,senior_sergeant
1106,16962,AEM621240,junior_lieutenant
1107,3454,HMA179015,sergeant
1108,9224,THM199881,captain
1109,3986,CAM973137,senior_lieutenant
1110,16848,KAA140251,junior_sergeant
1111,10891,IHI256274,senior_sergeant
1112,17143,PTH679688,junior_lieutenant
1113,7368,TMK591014,senior_sergeant
1114,19161,IOP674650,senior_sergeant
1115,13395,HOX084005,lieutenant
1116,9829,AAP758746,junior_sergeant
1117,9121,KPP942272,sergeant
1118,3925,EXE417664,sergeant
1119,9133,PMB151133,sergeant
1120,9936,TTM415487,senior_lieutenant
1121,3031,CAP633057,lieutenant_colonel
1122,16108,AOX508067,sergeant
1123,1665,XPA352944,junior_sergeant
1124,7753,CAH901173,sergeant
1125,17716,ICI044429,junior_sergeant
1126,8475,ACX705956,sergeant
1127,6953,AMT561834,senior_lieutenant
1128,19134,POX510705,sergeant
1129,3641,PKH825414,major
1130,3919,ITT204504,senior_lieutenant
1131,17826,ECK700662,junior_sergeant
1132,19047,HMO775725,major
1133,9488,AII197349,senior_sergeant
1134,441,XAI454986,captain
1135,3104,HEK797037,senior_sergeant
1136,18601,ETI261125,captain
1137,18942,BOO839563,senior_lieutenant
1138,10444,EAK472465,major
1139,5626,HCX799728,junior_sergeant
1140,13281,IIE141968,senior_sergeant
1141,5898,APM784955,senior_lieutenant
1142,2983,OCM355186,junior_lieutenant
1143,7170,BIB891322,junior_lieutenant
1144,19995,TXK485588,captain
1145,8734,BME823645,lieutenant
1146,18565,BOI064197,senior_sergeant
1147,7078,PAE543494,senior_sergeant
1148,18530,AIB796983,junior_sergeant
1149,18029,HIB249834,major
1150,849,CBO587930,sergeant
1151,1328,EAI641654,junior_sergeant
1152,9254,OKB278601,sergeant
1153,17272,XBH646272,senior_sergeant
1154,7347,MCO029257,lieutenant
1155,18461,KAO184355,major
1156,9102,CXE543171,sergeant
1157,16811,MAX374654,sergeant
1158,3831,MAO208342,lieutenant
1159,1826,XHO186700,senior_sergeant
1160,8684,PEB041832,captain
1161,9572,AMM028928,sergeant
1162,9272,KEX895371,senior_lieutenant
1163,15925,HKI570290,junior_lieutenant
1164,11499,XXT377375,lieutenant_colonel
1165,16803,XEC829624,senior_sergeant
1166,3148,EMM252712,senior_sergeant
1167,2345,MBI580259,senior_sergeant
1168,11403,OBT941627,senior_sergeant
1169,18163,TEA699920,senior_sergeant
1170,12922,MAX178848,senior_sergeant
1171,18183,XHP482665,captain
1172,13228,KEH297294,sergeant
1173,8284,HCA169662,sergeant
1174,14600,HCH069026,junior_lieutenant
1175,11303,EEK711051,senior_lieutenant
1176,12215,XAB109394,major
1177,2522,BAC756919,senior_sergeant
1178,2995,PKB953910,junior_lieutenant
1179,3744,IPP650417,sergeant
1180,10787,IMM075847,captain
1181,2377,BHB675282,junior_sergeant
1182,15728,KMH067572,colonel
1183,18993,KBK519180,sergeant
1184,2268,POT773719,junior_lieutenant
1185,1830,ITA641087,major
1186,5612,AOE753123,sergeant
1187,644,KKK666407,junior_sergeant
1188,4779,THA580193,senior_sergeant
1189,7613,IXA653866,senior_sergeant
1190,10932,IPK555203,junior_sergeant
1191,19691,PTO832394,colonel
1192,15116,OOI960022,junior_sergeant
1193,13601,CAT201915,lieutenant
1194,151,OKT343639,captain
1195,8032,PKB126180,senior_lieutenant
1196,12570,EPB196260,senior_sergeant
1197,19766,AEK329667,senior_lieutenant
1198,15311,KEC856747,sergeant
1199,19808,HAC382008,senior_sergeant
1200,2888,OMC131036,junior_sergeant
1201,18385,TOA740911,sergeant
1202,8419,OEB693750,sergeant
1203,6793,OMT142958,junior_sergeant
1204,6424,EAT110043,lieutenant
1205,9807,PEH115998,colonel
1206,8113,KOK658439,lieutenant
1207,7115,XOP593896,sergeant
1208,366,BHX422346,sergeant
1209,4533,OOE399211,lieutenant_colonel
1210,9153,PMP497879,junior_lieutenant
1211,11585,EKP930528,senior_sergeant
1212,7678,HXE205401,lieutenant
1213,9033,ETO643742,senior_sergeant
1214,5497,PKP899163,captain
1215,18943,IKK092653,junior_lieutenant
1216,17740,PCB301160,senior_lieutenant
1217,7014,ECI874300,major
1218,2580,IAA450599,junior_lieutenant
1219,2929,BOX612799,senior_sergeant
1220,11929,OOH449610,junior_lieutenant
1221,6196,AHI294994,colonel
1222,2698,OEB974864,captain
1223,2234,HEC365945,senior_sergeant
1224,4657,PCK298589,sergeant
1225,5948,XOK089004,junior_lieutenant
1226,1040,KHE730044,major
1227,3619,EHP267999,sergeant
1228,14708,XEB007669,lieutenant
1229,1299,BBB793187,junior_sergeant
1230,16026,IXM967319,captain
1231,6807,HCI579635,captain
1232,7460,XOC109312,senior_sergeant
1233,17329,PHA976958,junior_sergeant
1234,6181,MIK924794,senior_sergeant
1235,1209,HEB485134,junior_sergeant
1236,970,IHI228745,sergeant
1237,12120,AOM494452,junior_sergeant
1238,16767,TPH844464,major
1239,11071,BPH910670,sergeant
1240,11956,BOI177458,senior_sergeant
1241,14108,XEP335453,major
1242,1449,PAA865829,senior_lieutenant
1243,5182,PAH080157,lieutenant
1244,14087,POC439928,major
1245,16112,IPO818976,captain
1246,13735,BHK397022,lieutenant
1247,68,XKK142043,junior_lieutenant
1248,18474,ETI461228,sergeant
1249,1694,TEP947269,senior_sergeant
1250,15587,IMI758438,sergeant
1251,5905,KTB435772,captain
1252,8705,MTK475998,captain
1253,120,BAB793575,sergeant
1254,3288,HCE560397,sergeant
1255,535,BET329531,lieutenant_colonel
1256,16473,KXC120836,senior_sergeant
1257,12766,EOI385853,junior_lieutenant
1258,13968,HTK328533,lieutenant
1259,11029,PHB010608,lieutenant
1260,19273,XCO934146,sergeant
1261,12532,HXE723901,senior_lieutenant
1262,4846,HIT963509,sergeant
1263,2247,OAO371467,lieutenant_colonel
1264,1815,PBM585260,senior_sergeant
1265,3169,IHC545573,junior_lieutenant
1266,1377,HBI654572,junior_lieutenant
1267,7857,OPK201165,sergeant
1268,19945,COB066221,senior_lieutenant
1269,808,XEA364170,sergeant
1270,11538,TKX965399,lieutenant
1271,11262,PCO227050,junior_lieutenant
1272,14613,KHA934317,senior_lieutenant
1273,7627,PAX713413,junior_sergeant
1274,9047,EXT673229,lieutenant
1275,18017,BKX451530,sergeant
1276,5406,THC811213,sergeant
1277,11944,ICM822655,major
1278,19784,EOM832506,captain
1279,12077,IMT229403,captain
1280,1445,AIE581687,captain
1281,6099,OCX424111,lieutenant
1282,18965,OPB766353,junior_sergeant
1283,4295,MOM299318,junior_lieutenant
1284,12409,TOO231995,lieutenant_colonel
1285,18986,HMI164452,lieutenant
1286,15429,COM821974,major
1287,18706,PKM155783,sergeant
1288,5233,AHT815409,lieutenant
1289,15905,TAH062091,junior_sergeant
1290,7307,TKX704041,senior_sergeant
1291,11213,EXT475782,senior_sergeant
1292,669,APO933383,sergeant
1293,11111,MKH430962,sergeant
1294,1020,BXK525101,senior_sergeant
1295,2313,TAB009724,senior_lieutenant
1296,9776,POK941835,sergeant
1297,8711,BKM689978,senior_sergeant
1298,14467,HTO633036,captain
1299,10016,CPO248945,junior_sergeant
1300,10654,KTO038995,senior_sergeant
1301,12110,EHT181693,senior_sergeant
1302,6680,PME900529,lieutenant
1303,15534,TCI703416,lieutenant_colonel
1304,19017,PPX094475,captain
1305,19758,BCC728810,junior_sergeant
1306,12003,HXA570324,junior_lieutenant
1307,9311,KEP646852,sergeant
1308,9088,ABX003298,senior_sergeant
1309,5225,XAO414779,junior_lieutenant
1310,9213,OEB650822,junior_sergeant
1311,7316,CEE535809,sergeant
1312,5803,CHA941322,sergeant
1313,3691,PHI938795,sergeant
1314,13794,TEH475318,sergeant
1315,11133,HCC136859,captain
1316,3628,IHO441483,captain
1317,9012,XPP255904,captain
1318,11236,XIM639643,lieutenant
1319,10133,AIT731418,lieutenant
1320,8702,EAK538806,lieutenant
1321,11597,EXE150788,junior_lieutenant
1322,4831,EPP870065,junior_sergeant
1323,4648,HBI945997,sergeant
1324,6316,BXB832750,junior_lieutenant
1325,9946,AKB279843,captain
1326,5889,IHE771119,captain
1327,4475,BOP719538,senior_sergeant
1328,8807,MMP100251,captain
1329,10805,EBK214225,senior_sergeant
1330,7361,MCP093347,captain
1331,19402,TCH093680,senior_sergeant
1332,3519,EOK090290,lieutenant
1333,16370,COE966780,captain
1334,294,OPI794335,senior_sergeant
1335,17848,BMX854653,senior_sergeant
1336,19262,OPK261806,junior_lieutenant
1337,3044,BAP568413,junior_lieutenant
1338,15875,PEE592316,senior_lieutenant
1339,10339,KIX020014,senior_lieutenant
1340,3252,EOO171172,senior_sergeant
1341,5485,EHB464949,junior_sergeant
1342,2364,BKI830873,junior_sergeant
1343,14693,PIH270707,junior_lieutenant
1344,17123,MEI600363,major
1345,16436,III477512,lieutenant
1346,8967,EAM655119,lieutenant_colonel
1347,14296,TMO045170,sergeant
1348,12993,XTH907538,sergeant
1349,16198,BOE373388,sergeant
1350,4186,TXK082984,captain
1351,9118,OCX668477,senior_sergeant
1352,18156,HPM112258,junior_lieutenant
1353,15305,OAB299701,junior_lieutenant
1354,6014,BMX313466,senior_lieutenant
1355,18306,HEK766497,senior_sergeant
1356,655,HTX732990,senior_sergeant
1357,19376,APB395291,captain
1358,19502,OAK632891,junior_lieutenant
1359,4869,CXM130874,sergeant
1360,10559,XCT176026,captain
1361,14422,PAC107987,colonel
1362,4685,HEP313059,sergeant
1363,1628,TXP495765,sergeant
1364,14101,MHC810052,junior_lieutenant
1365,5570,AHP569401,senior_sergeant
1366,5557,XEP305823,captain
1367,2750,PEC199757,senior_sergeant
1368,9058,CXP651122,senior_lieutenant
1369,15066,ECT754421,junior_sergeant
1370,11480,EBP296118,sergeant
1371,17867,TTT387422,senior_sergeant
1372,8608,COX700154,captain
1373,11548,OOH711101,senior_lieutenant
1374,697,XAO608988,senior_sergeant
1375,5913,ICP258156,senior_lieutenant
1376,6601,HTB360377,sergeant
1377,12145,OAA159186,sergeant
1378,7391,MPA513002,junior_lieutenant
1379,12689,ICC369456,major
1380,15646,IOP778810,junior_sergeant
1381,8434,MXT204037,sergeant
1382,18727,CMO208862,senior_sergeant
1383,11570,OTP090265,lieutenant
1384,7927,AXA153283,sergeant
1385,17573,MTK707106,captain
1386,6058,HPO107952,sergeant
1387,15236,CTM411814,captain
1388,10092,BCB223469,junior_lieutenant
1389,6473,EMT228308,senior_sergeant
1390,11331,XMP183344,captain
1391,12156,BHO877746,senior_sergeant
1392,9140,AKT657305,sergeant
1393,3021,KTO973102,junior_lieutenant
1394,2334,BEB690905,junior_sergeant
1395,14899,EPA735891,senior_sergeant
1396,4159,PKT607293,junior_sergeant
1397,14413,ITT067651,sergeant
1398,5173,AKK892183,senior_sergeant
1399,13299,XKM209641,senior_sergeant
1400,1398,IEC405710,captain
1401,16876,BMO675973,senior_sergeant
1402,12199,EKH351589,senior_lieutenant
1403,11841,OEX340847,captain
1404,16529,CEE439081,senior_sergeant
1405,14245,EKK460948,junior_lieutenant
1406,9812,KEX212508,senior_sergeant
1407,14799,TBE013702,captain
1408,12356,BOK752614,major
1409,9765,OII531988,senior_lieutenant
1410,14821,KEM582220,captain
1411,2103,CIO484102,sergeant
1412,7630,CBP417429,senior_sergeant
1413,16058,PMH297899,junior_lieutenant
1414,6583,HHB267807,senior_sergeant
1415,13853,HCT003502,sergeant
1416,13772,OHB131562,senior_lieutenant
1417,2700,KOO725669,sergeant
1418,9643,BPT996052,captain
1419,16310,AKC855308,senior_sergeant
1420,14213,MEI700647,sergeant
1421,5050,CCX643103,captain
1422,5509,TPX934227,sergeant
1423,12143,BPP030653,senior_sergeant
1424,17107,XCH735793,senior_sergeant
1425,12,XCX600950,lieutenant
1426,4764,MET293591,sergeant
1427,17239,BME689138,junior_sergeant
1428,392,KEO904470,senior_lieutenant
1429,1539,ABT043475,junior_lieutenant
1430,4734,AOB257178,senior_lieutenant
1431,12047,KMP061893,junior_lieutenant
1432,17657,CPO592152,senior_sergeant
1433,10109,CAX584432,senior_sergeant
1434,17235,OET183980,junior_lieutenant
1435,7695,AEI854905,senior_lieutenant
1436,6999,OAB197154,junior_lieutenant
1437,216,IHE189045,captain
1438,594,TBC900576,lieutenant
1439,3350,AHC632293,sergeant
1440,8970,HBI366279,junior_sergeant
1441,11077,XHP088027,sergeant
1442,13308,KPC551774,senior_sergeant
1443,8025,EOH715993,senior_sergeant
1444,4702,HBH680987,senior_lieutenant
1445,6114,PPI325900,captain
1446,15404,TKB953035,junior_sergeant
1447,7140,BKO804140,colonel
1448,10736,POK415514,sergeant
1449,1534,ATM550198,senior_sergeant
1450,2163,HKH353064,captain
1451,2689,EEI988372,junior_lieutenant
1452,4370,OIC708777,junior_sergeant
1453,9621,MEA366759,colonel
1454,3928,ITX191711,captain
1455,419,MTX268702,sergeant
1456,3726,KBP712840,senior_lieutenant
1457,3878,PCO517944,senior_lieutenant
1458,5936,MIO679373,sergeant
1459,8875,KXO111863,junior_lieutenant
1460,1111,KHI578019,junior_lieutenant
1461,12699,TAB097804,senior_sergeant
1462,12022,OOT196350,sergeant
1463,5104,KXI144809,captain
1464,7069,AIE872144,junior_lieutenant
1465,9162,BHA776882,senior_sergeant
1466,19368,XOA820969,junior_sergeant
1467,18889,EKM874896,lieutenant_colonel
1468,18162,OHE049808,junior_sergeant
1469,6806,PXO020658,major
1470,7023,XIO502766,sergeant
1471,18063,BTO717300,senior_sergeant
1472,7403,AIC072911,senior_sergeant
1473,1883,IPP934916,colonel
1474,9611,POI459092,sergeant
1475,1855,MMX819468,junior_lieutenant
1476,16706,MCB226033,senior_sergeant
1477,3776,TMT968913,lieutenant
1478,19627,MHB352033,junior_sergeant
1479,4585,KHX845267,captain
1480,19205,KTH905125,colonel
1481,7263,TBI906383,junior_lieutenant
1482,16926,EPP046565,sergeant
1483,14805,BKT831140,sergeant
1484,10678,CEX878885,major
1485,3316,KIT030839,junior_lieutenant
1486,18879,HPO718152,major
1487,5619,XCX009837,senior_lieutenant
1488,435,MHT677608,major
1489,3168,KCP063022,sergeant
1490,10428,OMT113317,captain
1491,11867,XKH839622,lieutenant
1492,11667,CBK072295,senior_sergeant
1493,17977,BKC671428,senior_sergeant
1494,19388,BPM647924,senior_sergeant
1495,8433,HCI425914,captain
1496,4308,CTB415961,junior_lieutenant
1497,8775,IPK968501,junior_lieutenant
1498,2311,EKP533883,sergeant
1499,10938,EKI193822,sergeant
1500,13751,XMB458007,major
1501,3917,POA525166,major
1502,16768,PPA418842,senior_sergeant
1503,19460,CBK282935,senior_lieutenant
1504,11146,AKO614772,junior_sergeant
1505,12182,EAC649796,senior_lieutenant
1506,19711,TPE700410,lieutenant
1507,5978,BKO956475,lieutenant
1508,1614,AEH999104,sergeant
1509,12236,TMX245301,junior_lieutenant
1510,477,CXC184502,junior_lieutenant
1511,9148,KXO024451,senior_sergeant
1512,9399,CKH153212,junior_lieutenant
1513,2546,XBC606082,lieutenant
1514,4225,POT123446,sergeant
1515,7546,EKH010570,junior_sergeant
1516,3425,HXP316104,junior_lieutenant
1517,1355,XBI563560,junior_sergeant
1518,11532,AEA580727,sergeant
1519,15615,AKI935197,senior_sergeant
1520,10760,EIB198909,lieutenant
1521,18551,PHP218040,senior_sergeant
1522,1018,MCK887448,lieutenant
1523,801,PEC546837,senior_lieutenant
1524,17929,TAA711648,junior_lieutenant
1525,10239,CBK581608,sergeant
1526,15306,BMT257647,captain
1527,13864,KIM728279,lieutenant
1528,10186,TCA925143,junior_sergeant
1529,14991,TCI861820,senior_sergeant
1530,11228,TOA469115,sergeant
1531,11393,OHB890364,junior_lieutenant
1532,19781,IKE208110,junior_sergeant
1533,777,OHH655635,lieutenant
1534,133,PKE230187,captain
1535,14924,CBO498164,sergeant
1536,4917,EPB448006,major
1537,14988,PAE026897,lieutenant_colonel
1538,5171,HCI343492,junior_lieutenant
1539,18576,HTP280385,senior_lieutenant
1540,14227,MTX708879,sergeant
1541,4153,IMI764992,senior_lieutenant
1542,5412,IPB850555,senior_sergeant
1543,9615,MTP505711,junior_sergeant
1544,1424,PPI404037,sergeant
1545,18608,HIX607981,senior_sergeant
1546,6304,TBC192360,sergeant
1547,2646,EEH575532,sergeant
1548,12473,CKK027330,senior_lieutenant
1549,6248,EKO925780,lieutenant
1550,14920,OEK999477,junior_lieutenant
1551,4473,EXM061379,senior_sergeant
1552,1881,HXK783746,senior_sergeant
1553,1175,TME062250,sergeant
1554,8354,PXM268916,sergeant
1555,17808,TAP295077,sergeant
1556,4837,MIK622514,major
1557,4019,HAC791927,sergeant
1558,16791,MII861686,senior_lieutenant
1559,8596,IPX595681,senior_sergeant
1560,19673,TTH933242,captain
1561,2776,MXM946861,sergeant
1562,5923,EHP241301,lieutenant
1563,15215,TCM492591,senior_sergeant
1564,292,PXM742170,junior_lieutenant
1565,13967,PCK448370,sergeant
1566,8456,EIX812420,junior_lieutenant
1567,705,XCT518021,junior_sergeant
1568,18204,BBB182959,junior_sergeant
1569,13268,OBE622437,junior_sergeant
1570,8570,ICM478972,sergeant
1571,15441,MIT282418,junior_sergeant
1572,14687,IOB348335,junior_lieutenant
1573,17151,HKH254575,senior_lieutenant
1574,3030,IKH374379,senior_lieutenant
1575,16887,BAT151976,major
1576,13430,COA362221,sergeant
1577,11442,CCO824814,senior_sergeant
1578,7984,KPX124337,captain
1579,7083,PKC681396,captain
1580,12035,CHK298377,junior_lieutenant
1581,984,ITK724278,senior_sergeant
1582,7383,EBH092489,lieutenant
1583,1177,EXM323683,sergeant
1584,1622,XKX084885,lieutenant
1585,8672,IAO349884,junior_lieutenant
1586,2073,MHI364956,captain
1587,17343,PBT822754,senior_sergeant
1588,7785,AAH018805,senior_lieutenant
1589,1722,HIB436182,sergeant
1590,7060,KTA144603,sergeant
1591,5033,BKK590025,senior_lieutenant
1592,7865,KHA110284,senior_lieutenant
1593,18275,IAP316108,major
1594,6520,XXO647084,lieutenant_colonel
1595,119,AHA117577,junior_lieutenant
1596,4932,OEB994843,colonel
1597,16852,XEC380861,sergeant
1598,10163,AMO975957,sergeant
1599,6949,TBP895877,senior_lieutenant
1600,4005,MXO439246,sergeant
1601,9147,BAX811980,senior_lieutenant
1602,7227,OHA530648,junior_lieutenant
1603,5088,XOI779554,junior_sergeant
1604,1797,KEC540991,junior_sergeant
1605,11769,KPK182072,senior_sergeant
1606,18430,BTK754386,junior_lieutenant
1607,14611,XPC757840,senior_sergeant
1608,4616,OCI052547,captain
1609,7448,CKM744942,sergeant
1610,16010,BHM092071,senior_sergeant
1611,9447,XAC930328,colonel
1612,5854,IOA307122,junior_sergeant
1613,2991,AKM285832,senior_sergeant
1614,15593,PHA492354,colonel
1615,16255,IXP438534,major
1616,13579,CKB924942,sergeant
1617,7916,BKP651200,captain
1618,11195,EKM391855,lieutenant
1619,7816,XOC732236,senior_lieutenant
1620,2099,AII694899,senior_lieutenant
1621,6446,IAE137745,sergeant
1622,3077,XCX505822,senior_sergeant
1623,13809,COK931098,senior_sergeant
1624,5484,EET794428,captain
1625,4161,KAT372900,junior_lieutenant
1626,6494,BPC609446,senior_lieutenant
1627,12341,XHK018261,sergeant
1628,15831,AMA840620,junior_sergeant
1629,14580,CEP686466,lieutenant
1630,14824,AEH366227,captain
1631,9837,MKP659298,senior_sergeant
1632,16020,KTO825637,senior_sergeant
1633,3276,OET074833,sergeant
1634,17064,AOK602650,senior_sergeant
1635,6617,XMB471904,senior_lieutenant
1636,8859,CBH652180,junior_sergeant
1637,15428,PCT262616,captain
1638,16847,TPE811821,junior_lieutenant
1639,16248,OEB157138,junior_lieutenant
1640,5757,EBO573899,senior_sergeant
1641,18525,HBO108670,senior_lieutenant
1642,10699,CPO109296,senior_lieutenant
1643,5719,OTX981729,senior_sergeant
1644,7354,MAM364784,junior_sergeant
1645,5214,KAM781726,senior_lieutenant
1646,61,CXT399887,junior_sergeant
1647,9177,PHX478988,junior_lieutenant
1648,18364,IBB604798,senior_sergeant
1649,14962,MOE090658,lieutenant
1650,2076,CEH616703,junior_lieutenant
1651,3807,XHB798845,lieutenant_colonel
1652,11974,TPB193240,junior_sergeant
1653,2897,OOB539336,senior_lieutenant
1654,18969,XMH240779,junior_lieutenant
1655,13079,EMX637274,junior_sergeant
1656,7941,BOX541949,senior_sergeant
1657,13723,TPC475237,senior_sergeant
1658,9594,BMB811793,senior_sergeant
1659,12565,OMH436583,senior_sergeant
1660,562,IKA268349,lieutenant
1661,16992,MOP741259,sergeant
1662,14655,OXO027526,sergeant
1663,19500,BHO724846,senior_lieutenant
1664,12083,CKA579238,sergeant
1665,7119,MAT772630,captain
1666,11031,MMA289329,major
1667,17636,TAT685163,senior_lieutenant
1668,10743,XXA142866,senior_lieutenant
1669,15762,KEX994987,junior_sergeant
1670,10138,BXX674096,junior_sergeant
1671,536,CXH446762,junior_lieutenant
1672,11508,TIB395331,captain
1673,9064,KMT815020,senior_lieutenant
1674,2861,AIX928908,captain
1675,8908,HXE390517,sergeant
1676,1626,KKE114485,senior_lieutenant
1677,16352,HXX612557,senior_lieutenant
1678,5242,MBM225400,sergeant
1679,8437,HMK422498,sergeant
1680,11537,IPK999747,senior_sergeant
1681,10710,HTM021998,sergeant
1682,7791,XXO340094,junior_lieutenant
1683,3734,KPH739323,captain
1684,5205,XOE942954,senior_sergeant
1685,16445,KKI354110,senior_lieutenant
1686,12252,HOO016672,captain
1687,15331,CAC420620,junior_sergeant
1688,4591,OIM854131,captain
1689,4314,XHX499563,lieutenant
1690,4652,AMX740045,junior_lieutenant
1691,1359,OAX458171,senior_sergeant
1692,1226,EMK532885,junior_sergeant
1693,2794,CCB806454,lieutenant
1694,15328,PCB681876,captain
1695,9548,KTM528937,lieutenant
1696,9874,KKO004266,major
1697,17344,IPO771388,senior_sergeant
1698,15768,EBK314521,captain
1699,13818,OMP264928,junior_lieutenant
1700,676,TPP099265,sergeant
1701,13729,BMC571451,lieutenant
1702,10501,AKM487649,senior_sergeant
1703,16361,CBX247157,senior_sergeant
1704,13480,TCK021924,senior_sergeant
1705,14178,XXM325065,lieutenant
1706,895,TBI959009,senior_lieutenant
1707,327,MHH860780,major
1708,1193,IHE058908,lieutenant
1709,15546,PBH930315,sergeant
1710,18307,CAP745102,senior_lieutenant
1711,1448,PXE123853,lieutenant_colonel
1712,8346,BBT818192,senior_sergeant
1713,3806,HCT834841,captain
1714,1347,IHM952794,senior_sergeant
1715,18387,EAI098122,captain
1716,1494,XKP152950,colonel
1717,16053,IXK616421,lieutenant
1718,10553,TIP267968,senior_sergeant
1719,1163,KXO566585,sergeant
1720,10925,EMA816841,junior_sergeant
1721,7529,THM006093,senior_sergeant
1722,15397,EOP999725,sergeant
1723,16766,XKI397847,sergeant
1724,13664,TEK682640,lieutenant_colonel
1725,18222,ECO544746,sergeant
1726,1889,IEE655208,captain
1727,952,KKX758703,colonel
1728,18883,TAH267151,senior_lieutenant
1729,7512,OAI885206,junior_sergeant
1730,17051,TKH809739,major
1731,18918,PEB271938,senior_lieutenant
1732,8225,AIK655448,sergeant
1733,8234,XHP662168,sergeant
1734,12874,BHC324460,senior_sergeant
1735,10627,KII826738,senior_sergeant
1736,4545,XKO064274,lieutenant
1737,881,HCP034522,lieutenant_colonel
1738,15551,HIO627032,junior_sergeant
1739,7763,KKH209243,junior_sergeant
1740,13740,IXM792662,senior_sergeant
1741,7605,IBE878322,sergeant
1742,11068,IBI781322,sergeant
1743,11611,HTB137804,senior_sergeant
1744,3311,KBT558874,senior_sergeant
1745,13917,OBX371193,senior_sergeant
1746,11631,BKA068099,senior_lieutenant
1747,6458,MXB144009,junior_sergeant
1748,14268,PXM467931,lieutenant
1749,433,PIX789932,junior_lieutenant
1750,16430,BMC320784,senior_sergeant
1751,14185,CCI372099,senior_sergeant
1752,19809,TOP595796,lieutenant
1753,19055,MOP874338,senior_sergeant
1754,2727,OOX782094,senior_sergeant
1755,3991,OHC556815,senior_lieutenant
1756,7887,IEM390170,sergeant
1757,10349,KAB398370,captain
1758,13491,OAK388160,sergeant
1759,9308,CIK980623,senior_sergeant
1760,4526,XTE222535,sergeant
1761,2464,OBP415928,senior_sergeant
1762,16644,EMT900768,senior_sergeant
1763,18662,PIB729128,captain
1764,3447,KOM271296,senior_lieutenant
1765,4383,EIB630124,colonel
1766,11614,ECK963280,junior_sergeant
1767,18732,MBE749091,major
1768,15285,XBP739503,junior_lieutenant
1769,12975,MPA946446,senior_sergeant
1770,15677,AKH434504,colonel
1771,11734,IIH107913,major
1772,13118,CEO984704,senior_lieutenant
1773,5275,KXO732746,sergeant
1774,15898,ABM303388,senior_lieutenant
1775,19420,BKT633900,captain
1776,6367,CBC525475,junior_sergeant
1777,5632,OHM257896,captain
1778,15132,HMX229083,lieutenant
1779,131,BMM268315,senior_lieutenant
1780,3167,TEX419532,lieutenant
1781,15511,IKT619454,major
1782,17158,KTP487975,major
1783,13841,HOM101376,lieutenant
1784,12315,CXI061923,sergeant
1785,15495,TOC044155,captain
1786,19936,TPK122161,senior_sergeant
1787,6392,MTH065453,senior_sergeant
1788,5331,APK210098,senior_sergeant
1789,18487,ABA606629,lieutenant
1790,11164,TKH604986,senior_sergeant
1791,4517,HAK467659,senior_sergeant
1792,9103,KXH777326,senior_sergeant
1793,2916,KXE263243,sergeant
1794,1776,CAI907769,lieutenant
1795,10306,XKI775529,junior_lieutenant
1796,19372,XCC599602,major
1797,19184,XEE001578,senior_lieutenant
1798,10752,XHE769800,sergeant
1799,3218,KMK502751,captain
1800,2998,EIH526197,sergeant
1801,7104,PEP101501,senior_sergeant
1802,5609,KBK234788,sergeant
1803,1876,THI405833,senior_sergeant
1804,4315,BCP491699,lieutenant
1805,13191,BCC850753,junior_sergeant
1806,17668,IHX080425,senior_lieutenant
1807,6081,XHO405772,junior_lieutenant
1808,10311,KTE354835,sergeant
1809,2329,ITH698599,senior_sergeant
1810,3520,TKI817003,senior_lieutenant
1811,8955,KAM725456,senior_sergeant
1812,4282,EIE917791,sergeant
1813,11226,XIT878976,sergeant
1814,5029,KXI134289,senior_sergeant
1815,5652,TXP545836,junior_lieutenant
1816,7035,HOC327146,junior_sergeant
1817,15783,CHX885372,sergeant
1818,3498,BXK054689,senior_sergeant
1819,3378,CEA315589,senior_lieutenant
1820,5796,TAT694170,senior_sergeant
1821,19426,THK496517,senior_lieutenant
1822,1249,KME416091,sergeant
1823,12628,AIH131804,junior_lieutenant
1824,6813,PTC823809,captain
1825,15847,HEI155095,captain
1826,5879,OEA735801,junior_sergeant
1827,19523,HMM598707,senior_sergeant
1828,17945,KCC775609,sergeant
1829,10519,XEX111395,senior_sergeant
1830,11986,MEO844184,major
1831,5386,PHA808692,junior_sergeant
1832,6174,BEH235650,junior_lieutenant
1833,12625,XAE491763,captain
1834,8227,XMC959237,sergeant
1835,17345,CMM086913,senior_sergeant
1836,11313,BBH758978,senior_sergeant
1837,13835,MEB642349,sergeant
1838,15826,EEO789355,junior_lieutenant
1839,634,PEI063254,senior_lieutenant
1840,4918,EXI291789,sergeant
1841,6059,AEI726053,captain
1842,3412,XMK627469,sergeant
1843,623,OPT767686,sergeant
1844,3503,TOI988693,major
1845,19661,AEC035668,captain
1846,6011,TOI274771,senior_sergeant
1847,17355,XKT559918,senior_sergeant
1848,19654,AOP183253,lieutenant
1849,9809,XKE408400,senior_sergeant
1850,19526,EEM969167,lieutenant
1851,10006,KXC328414,lieutenant
1852,5793,HTX526472,colonel
1853,5140,IHX599851,lieutenant
1854,2609,EBX683189,sergeant
1855,6846,HIE095549,captain
1856,6297,XAP753056,junior_sergeant
1857,12424,XHX222582,captain
1858,13416,KPT656760,lieutenant
1859,19041,CII825666,sergeant
1860,7127,CXK329100,senior_lieutenant
1861,18312,OMB333964,sergeant
1862,16605,MAP060663,captain
1863,11550,PHC232199,junior_sergeant
1864,9076,ATI418877,senior_lieutenant
1865,7242,CKO877371,major
1866,14145,EMH760811,senior_sergeant
1867,2226,PEO162296,lieutenant_colonel
1868,17815,OMC023985,sergeant
1869,10043,AEK719888,lieutenant
1870,13925,POT353054,captain
1871,5979,KXA293283,sergeant
1872,13093,TBC632733,senior_lieutenant
1873,8233,EEP655193,senior_lieutenant
1874,9477,KOO174782,junior_sergeant
1875,12122,ETO471621,junior_sergeant
1876,16342,TIO357054,senior_lieutenant
1877,16286,KIH243434,senior_sergeant
1878,8053,AKX625511,senior_lieutenant
1879,5656,TAB478562,senior_sergeant
1880,2882,KBC048144,sergeant
1881,18926,CCB255780,junior_sergeant
1882,7734,KAP340237,sergeant
1883,15479,MMK862813,captain
1884,7067,EAX805884,captain
1885,17000,CAB162154,sergeant
1886,14222,MCI385618,lieutenant
1887,14373,TKC130583,captain
1888,4649,IMB353367,junior_sergeant
1889,16749,HTK282906,senior_lieutenant
1890,17164,MCE098821,junior_lieutenant
1891,4280,TXE186126,senior_lieutenant
1892,18225,HBE355295,senior_lieutenant
1893,12772,EMM113024,major
1894,313,AXA367198,sergeant
1895,18766,MPX727947,lieutenant_colonel
1896,1476,OCT374021,lieutenant
1897,19179,OAB408910,senior_sergeant
1898,4272,BEX609401,junior_sergeant
1899,6832,MKP997109,major
1900,17830,ECE261449,colonel
1901,19401,BKA703490,sergeant
1902,15106,EAH674420,sergeant
1903,17004,CPX654808,sergeant
1904,7747,CEO105627,senior_sergeant
1905,6414,IBT777539,senior_lieutenant
1906,18562,HAE107660,senior_lieutenant
1907,15648,AEO122655,junior_sergeant
1908,15984,CTE218005,sergeant
1909,11941,OAA454103,junior_sergeant
1910,17850,IHE615121,senior_lieutenant
1911,12715,XKT457559,sergeant
1912,1506,OMX634528,junior_lieutenant
1913,9074,OTH859291,major
1914,7537,ITM061267,sergeant
1915,13034,PHH542787,senior_sergeant
1916,19957,MTK808089,lieutenant
1917,4880,CHC534731,major
1918,16611,HKH675687,colonel
1919,5566,KIA157322,junior_sergeant
1920,19035,IPO925271,captain
1921,14089,BKC550979,major
1922,11246,OMH301138,sergeant
1923,5456,KXC576901,senior_lieutenant
1924,12808,EOI911411,lieutenant
1925,4156,BHB240728,captain
1926,10029,ICT925218,sergeant
1927,5232,XOT448485,junior_lieutenant
1928,14965,PIT595389,sergeant
1929,17361,IBX914133,junior_sergeant
1930,9393,APM452237,sergeant
1931,17800,CBA249812,sergeant
1932,14896,ATP851834,sergeant
1933,16622,XCB748362,major
1934,14601,MOA874971,senior_sergeant
1935,4907,MKE229750,senior_lieutenant
1936,5458,KEE928077,lieutenant
1937,4547,EOB833043,junior_sergeant
1938,10811,OTX853568,sergeant
1939,12432,BAT701888,lieutenant
1940,13712,EPH328407,junior_lieutenant
1941,17861,OEE227201,captain
1942,5324,AMT446160,senior_sergeant
1943,16438,MAI606275,senior_sergeant
1944,10250,AIB648745,sergeant
1945,13140,OHK643693,sergeant
1946,4483,HEA818149,junior_lieutenant
1947,8174,CPK633676,captain
1948,14090,PKK471381,lieutenant
1949,1276,HCH825771,junior_sergeant
1950,4994,CCP850016,lieutenant
1951,4288,IKM610237,colonel
1952,1800,XOH256732,junior_sergeant
1953,4832,KIO756477,sergeant
1954,8808,MMH734781,senior_lieutenant
1955,723,MCT398188,sergeant
1956,14775,TCA847235,senior_lieutenant
1957,18094,CXB801697,sergeant
1958,9198,TBA288821,junior_sergeant
1959,7721,PMB433009,senior_sergeant
1960,14246,HKM595803,senior_lieutenant
1961,6147,BHX627612,senior_lieutenant
1962,1788,XOT275387,senior_sergeant
1963,7447,PHA418438,lieutenant
1964,14578,POE422159,senior_sergeant
1965,7584,KHE418460,junior_lieutenant
1966,5552,KCT980378,colonel
1967,10383,KIH803671,junior_sergeant
1968,13300,MBP877529,junior_lieutenant
1969,11240,XPB395600,junior_sergeant
1970,12277,KIA306095,lieutenant
1971,2986,MOT215873,junior_lieutenant
1972,15038,TIK296678,junior_sergeant
1973,7889,MAP699400,junior_sergeant
1974,14194,OMM479931,senior_sergeant
1975,9037,MBA276864,junior_lieutenant
1976,10676,BKM041598,sergeant
1977,6487,BHT363292,colonel
1978,615,EEC194970,sergeant
1979,10700,IAO538925,junior_lieutenant
1980,2934,CEK975429,senior_sergeant
1981,10706,OMI498979,junior_sergeant
1982,11400,AEO127409,senior_sergeant
1983,1932,XMK213241,lieutenant
1984,1969,TBM623233,lieutenant
1985,6546,KXH465780,senior_sergeant
1986,17530,HPT575948,senior_lieutenant
1987,6691,TEC015554,junior_lieutenant
1988,17629,OXT850184,senior_sergeant
1989,10208,HOE184681,senior_sergeant
1990,18705,EOK572922,senior_lieutenant
1991,12550,XOK325336,lieutenant
1992,3931,XPK429748,junior_sergeant
1993,14376,XXC724389,senior_sergeant
1994,6141,OTC342211,sergeant
1995,8048,AAI423831,sergeant
1996,6236,EXT375297,lieutenant
1997,14040,ETB320363,senior_sergeant
1998,4131,OTC788967,senior_sergeant
1999,19613,MTO917496,senior_sergeant
2000,18914,KKT498352,captain
